Persona_Type,T1_Rate,T2_Rate,Diff
The All-Round Enthusiast,1.0,0.7866473149492017,-0.2133526850507983
The Backseat Gamer,0.0,0.7053701015965167,0.7053701015965167
The Cloud Gamer,0.0,0.047895500725689405,0.047895500725689405
The Conventional Player,0.0,0.24528301886792453,0.24528301886792453
The Hardware Enthusiast,1.0,0.5892597968069666,-0.4107402031930334
The Popcorn Gamer,0.0,0.2597968069666183,0.2597968069666183
The Time Filler,0.0,0.36284470246734396,0.36284470246734396
The Ultimate Gamer,1.0,0.841799709724238,-0.158200290275762
